orig-x,orig-y
232652.8002575164,251915.0233991147
232565.2407911055,252376.89102918922
231789.89247559104,251888.32527024916
231999.0761865602,251009.28687752667
232179.63949008303,251979.46888246242
232954.08873520652,251244.27040874018
231937.9893483283,251613.39453872936
232455.50425505027,251260.61926293312
232770.07899518491,251820.13004970126
232456.10363531092,251872.72636349627
232427.882814705,252571.2274091524
232058.31493565513,251806.68099227647
232415.79531278176,252545.32922422292
232538.1188343108,251434.15710055907
231867.96175454158,252345.94319816347
231997.92737439397,252114.40942517415
233146.04026368182,252230.50128889282
231687.5482960839,251618.49418132167
231963.41306105113,251721.9869280476
231892.3365518083,252497.03260908416
232149.0211484345,252090.8610755568
232507.1009058218,251543.14946184534
232183.9849969728,252486.93331689155
232583.02240550498,251992.36797843114
232326.03811874843,251980.51880887846
233101.98581452353,251943.32141585232
231820.86045572496,252248.85000292587
232160.85890858245,251905.9240368422
232487.97068583584,252247.95006599784
231663.27339552733,251677.09007463703
232589.26594988682,251628.99344548228
231621.11698386114,251378.6109934999
231621.46662234652,252450.48587130546
232618.98522114436,252246.85014308576
232311.55309578255,251320.36507565653
232927.166571832,251630.64332985037
232577.77782822424,252569.3275423043
231802.32961599965,251470.05458468915
231769.91313356915,252352.59273213183
231832.24868067744,252276.34807572747
232845.1014244771,252061.0631639391
232713.13787042254,251949.57097785268
232731.11927824223,251102.83032154804
231748.78497938102,252558.22832019164
233154.48153568606,251414.35848814194
232021.85263646516,251792.28200142767
232605.74890705486,252109.5597650619
232152.36768822317,251211.82268283432
231870.50912064937,251510.60174294747
232933.559961279,251520.90102112407
232759.24020213803,252475.5841122989
232331.48248944938,251338.9637721696
231939.1881088496,252563.57794526397
231645.641626193,251902.924247082
232098.42346476406,251009.48686351068
232387.47459546573,252526.0805732618
231791.3909262427,251833.57910712602
231775.9069361757,252237.35080884522
232193.42523607815,252411.23862194322
232208.3597942395,252351.09283725175
232978.51348082826,251709.23782156687
231656.08083239943,251007.48700367057
232789.20921517088,251660.8412134361
231789.4928887506,252116.9592464703
232640.01347862242,252262.14907086265
232831.01598835166,252255.34954740625
231906.32209122358,252300.94635176088
232688.51333138056,251168.77569977584
232532.22492841433,252114.90939013418
231655.3316070736,251156.27657577512
233083.55487150836,252096.71066558914
231939.43785062488,252311.34562292948
231791.4908229528,252083.31160466038
232805.89196575913,251030.7353743119
232556.15019048552,251113.22959271664
231831.3995586415,251392.21004041267
232071.75104316484,251414.50847762995
233050.43911210707,252278.14794958357
233170.21526752829,251351.2629101863
231642.64472488972,251955.87053634904
232051.4720110126,252355.442532404
232859.8861375733,251155.62662132707
232711.1898845754,251739.88567361663
232070.70212770868,252416.2882680395
233117.86939143093,251079.98192287472
232152.76727506358,251297.91664895124
232740.8592074779,251631.6432597704
232501.806380186,252112.55955482204
232179.2399032426,252157.70639071264
232210.85721199223,252335.09395853084
232348.76462029832,251188.974284161
233062.27687225502,252175.50514328966
231812.61897714093,252185.65443197824
232872.7728131774,252329.2943649945
232623.43062474424,251892.22499693738
232967.37499765106,252182.9546211941
232619.8343431803,252552.47872315132
232942.2010267035,251155.42663534306
232267.64849168947,252458.78528964194
232988.9526870347,252027.36552563315
231734.84938832073,252378.0409485973
232092.17992038222,251578.29699853537
232819.22817655877,251135.1780544619
232621.4826388971,251513.80151869165
232157.91195563422,251788.83224320345
233022.86762011686,252115.95931655026
232784.763811571,251326.5646411609
231782.00063549238,252183.0546141861
232525.2821070617,252088.9112122127
231620.3677585353,251022.48595247144
231624.51347200485,252305.59602588916
231623.56445325882,252057.7133987069
231911.266978374,251503.10226854705
233035.3047605255,252158.4563381527
231716.86798050103,251065.03297056988
232046.02764031166,252476.48404922697
232512.99481171826,251910.67370396244
232886.20892068715,251642.042530939
232789.25916352592,252520.6809516935
232703.04830270147,251191.87408092915
232916.1279853649,251034.68509749614
232088.53369046323,251011.18674437478
232240.9261217352,251853.07774056715
232342.12148907606,252439.68662816886
232735.5646818421,252147.40711253605
232987.8538232235,251229.1214704513
232146.97326587726,252202.80323010724
233138.79775219888,252066.66277149142
232364.29855872036,252284.54750107194
232146.17409219636,252222.80182850838
231986.88878792687,252220.60198268425
232012.06275887444,251193.57396179327
232498.65963381756,251490.55314805033
232578.92664039048,251374.16130535564
233090.24795108568,251922.47287701914
232065.20780865266,252061.21315342712
231939.83743746532,251501.05241221093
232219.9478126122,252457.9353492099
233087.75053333293,251346.86321853806
233113.0743493457,252149.35697588016
232679.22293734038,251078.88199996267
232990.70087946163,251049.13408484095
232482.626211845,251047.78417944888
233056.43291471363,251418.7081832942
231645.8913679683,251839.9786586144
232339.72396803342,252439.48664218484
232940.55273098667,251630.54333685836
232774.5243987848,251738.9357401926
232391.6203089353,252187.35431284236
232644.70862399755,251959.62027354926
233014.6760898879,251381.66077975606
231637.54999267415,251707.38795121477
232014.26048649685,252220.45199319624
232776.12274614652,252131.90819877517
232523.8835531202,251920.97298213904
233133.75296833835,252343.1433943873
232618.13609910844,252180.55478938596
232953.5393033009,251049.03409184894
232036.4875044962,251039.23477863238
231809.97171432304,252373.94123592507
232303.9109974592,251367.66176087526
232470.8883484071,251711.13768841498
231720.01472686947,251118.67921078095
232504.25384958368,252367.5916809327
231741.3926228329,251116.72934743683
232872.87270988754,252287.84726980812
231903.97451853604,251516.65131896382
233153.9820521355,251868.62665082404
232079.44308984326,252391.58999901408
233111.22626020867,252314.19542320163
232693.70796030623,251897.6746150017
232861.08489809462,251506.55202677124
232841.6549879783,252260.89915846256
231687.4483993738,251458.60538710447
231734.05021463986,251436.6069288632
232456.30342873113,251966.8697654697
231889.13985708478,251115.02946657274
232218.54925867065,251049.28407432896
232541.66516751968,252182.7546352101
232165.15446711716,251781.78273726706
232639.61389178198,251561.19819690238
232890.05494402634,252382.39064374956
232002.37277799382,251395.75979162887
231883.29589954336,252436.33686293665
232835.91092714702,251714.28746766318
231625.51243910595,251839.37870066235
232128.09278766657,252507.33188726072
232319.59478094638,252327.69447712242
232810.2374726489,251976.86906467026
232692.10961294448,251505.70208633918
233175.6096898742,251599.29552685656
232985.30645711572,251367.41177839524
232302.51244351765,251468.30470732905
232845.90059815798,251718.3371838394
231646.14110974356,251798.531563428
231844.38613095574,252261.04914795057
232803.19475458618,252065.01288712333
231713.22175058204,251447.55616148785
231942.1850101529,251538.9997526771
232401.41018652602,252273.7982544313
232361.55139919234,251086.18148837908
232965.52690851403,251111.12973988452
233120.76639602412,251381.91076223608
232070.8020244188,252136.20789743142
233031.4087888312,252088.8112192207
233201.93247298803,251269.76862170163
232851.54476227917,252364.74188066053
231623.0150213532,252090.8610755568
232866.77901057084,251882.82565568885
232574.88082363104,252552.47872315132
232031.89225583116,252056.51348280284
233069.61928044807,251806.13103082046
232094.6273897799,251754.7846294255
232711.43962635068,251805.58106936442
232890.0049956713,251568.7476677988
232836.7101008279,251514.7514521157
231671.21518398102,252055.11358091474
232948.49451944037,252178.25495056983
232697.80372542073,252348.1430439876
232439.3709363676,252042.56446041804
231761.52180991997,251942.7214579003
231923.6541704276,251321.2650125846
232425.08570682193,251573.24735243907
233124.46257429817,251354.01271746648
231939.1881088496,251879.02592199264
231752.5311060101,252413.28847827934
231871.90767459088,251630.44334386635
232197.5709495477,251780.48282837096
231620.76734537576,251006.0871017825
233206.2779798778,251189.92421758504
232786.3122105777,251975.5191592782
232734.4658180309,252538.3797112785
231686.59927733787,251216.42236046656
232877.71770032783,252481.73368130726
232728.2722220041,252574.7271638726
232515.44228111595,251439.5567221274
232075.24742801866,251181.07483779255
232038.5853354085,252399.93941384656
231734.9992333859,252539.8796061586
232881.7135687322,251099.73053879588
232023.10134534154,251170.82555611196
231967.35898110046,252023.0158304809
232383.62857212653,251234.97106048363
231715.36952984938,251854.2776564712
233072.81597517157,252428.83738853622
231686.49938062776,251051.7339026331
233047.7419009341,251031.28533576793
231740.09396560147,251090.78116601135
232915.62850181438,251264.51898962134
231796.9851420088,252160.55619098482
231720.3144169998,251782.53268470708
232497.81051178163,251163.62606068753
232733.81648941519,252379.6908329654
232173.09625557088,251266.06888099742
231937.68965819795,251514.6514591237
232710.2908141844,252170.40550069738
231685.50041352666,251648.14210345136
232474.7843201014,251478.45399601763
232842.75385178952,251655.09161639577
231989.53605074476,251587.6963397839
231645.2919877076,251564.9979305986
232992.74876201886,251404.05920996534
232679.0730922752,252047.3641240343
232174.2950160922,252043.11442187405
232341.77185059065,252237.65078782124
232509.3985301543,251992.0180029591
231915.86222703906,251819.5300917492
232576.4791709928,252020.06603721675
232306.70810534226,252325.6946172823
231654.33263997253,251357.16249671465
231964.41202815223,251905.67405436217
231939.33795391477,251171.22552808
232217.10075637407,252565.7277945921
231737.89623797906,251007.43700717457
232834.01288965496,251955.57055737302
231828.45260569328,252463.68494625023
231641.84555120885,251935.32197649186
232875.8696111908,252284.44750807993
231870.50912064937,251725.3366932798
232814.73282460382,251400.90943071718
232766.38281691086,251111.12973988452
232130.29051528897,251170.42558414393
233018.72190664732,252582.27663476905
232260.50587691664,252159.30627858473
233217.21666963477,251475.80418172947
232217.20065308418,252505.0320484446
231629.35846244518,251196.0737865934
232916.27783043007,251995.0677892153
231875.70374957504,251031.73530423196
232166.60296941377,251804.33115696436
232569.03686608965,251960.67019996533
232859.8861375733,251543.8494127894
231738.14597975434,252463.3349707782
232617.43682213768,251792.9819523717
232250.26646413043,251380.410867356
232664.78786272954,251382.2107412121
233113.374039476,252306.94593128123
232114.00735154113,252005.11708491188
233065.6234120437,251885.02550151298
231866.36340717983,252165.7558265691
232425.38539695228,251029.2854759278
231884.29486664446,252210.15271501965
232065.75724055828,251825.9796397336
232683.51849587506,251736.38591889644
232899.5950798418,251155.67661782308
231836.49429085708,251878.4759605366
232247.71909802262,251351.36290317832
232608.89565342333,251989.36818867098
231963.51295776127,251671.79044606074
232018.70589009672,251396.90971103695
232229.13830994227,251959.02031559724
231862.26764206533,251114.1295296447
232125.09588636327,252091.46103350885
233220.91284790882,252174.90518533764
232122.74831367572,252545.1292382389
233227.05649558056,251011.08675138277
232278.03774954085,251952.12079914883
233107.23039180427,251719.48710324746
232450.90900638522,251165.77591001565
232523.63381134492,252244.80028674964
232270.29575450736,252402.58922813472
232900.693943653,251637.24286732276
232302.66228858283,251974.1192573901
232816.5309653858,252377.59098013327
232932.41114911277,251919.37309426695
232832.9639741988,252305.84600836915
232797.8003322403,252092.96092838893
232098.27361969888,252489.13316271568
231765.6675233895,251345.31332716197
232781.7669102677,252300.54637979285
232823.8234252238,252486.63333791555
232282.33330807555,252329.44435448252
232094.1778545844,251479.6039154257
232182.83618480654,251401.7093746532
232202.56578505316,252256.44947031833
232376.83559583907,252054.2136439867
231788.89350848994,251286.81742683862
232116.2550275186,251940.7215980602
232202.91542353854,252094.260837285
231622.56548615772,252175.30515730564
231785.297226926,252535.02994604633
232481.27760625852,251386.76042234836
233106.63101154362,251085.63152692307
232988.50315183922,252429.53733948027
232850.5957435331,251738.58576472057
232639.2642532966,251659.79128702005
232634.46921121134,251271.76848154175
232829.3177442798,251353.16277703442
231865.5142851439,251705.73806684668
231641.59580943358,252252.8997191021
231642.84451830992,252227.10152716463
231940.88635292146,251114.3795121247
232473.38576615986,251354.91265439452
232584.27111438135,252283.9475431199
233159.8260096769,251550.14897128573
231765.16803983896,251266.56884595746
232766.48271362096,251398.80957788505
233200.084383851,251613.29454573736
231816.51494883522,252065.66284157135
232500.55767130962,251010.98675839076
231785.7467621215,252544.32929430285
233227.75577255132,252122.0588890626
232093.17888748331,252259.7992355505
231981.3445205158,251814.28045966892
232724.526095375,251282.56772467837
232962.97954240625,251921.9729120591
231926.70102008592,251995.56775417534
233205.42885784188,252081.5617273003
232132.4382945563,251020.73607511132
231687.69814114907,251534.65005752485
233036.30372762657,251035.7350239122
232454.20559781886,251815.930344037
232728.77170555465,251026.83564762367
232878.56682236376,251631.0433018184
233179.55560992353,251469.2546407531
232781.117581652,252090.36111059677
232197.2213110623,252010.56670297618
232032.99111964236,252437.93675080876
233098.8390681551,252555.72849539152
232235.03221583873,251660.59123095608
233118.41882333654,251555.19861738203
232932.5609941779,251107.4299991803
232026.4478851302,251011.08675138277
232270.64539299274,251440.50665555143
231936.0913108362,251099.68054229987
232160.1596316117,251255.81959931683
232108.36318741995,252544.9292522549
232583.52188905553,251813.8304912049
231674.1121885742,252272.04837707122
232564.49156577967,252369.2415653008
231620.1679651151,251573.24735243907
232495.412990739,252014.61641915241
232805.24263714344,252296.84663908865
233172.66273692597,252247.95006599784
232355.3078548105,251268.46871280557
232084.5877704139,252167.0057389692
232344.66885518385,251312.6656152721
232846.7497201939,252399.68943136654
231858.1219285958,252169.95553223335
231963.11337092082,251568.2976993348
233095.49252836642,251333.06418564127
231832.1987323224,252335.69391648288
231767.06607733102,251707.7379266868
232901.49311733388,251410.90872991775
233017.12355928557,252557.3783797596
231751.6320356191,252354.04263051593
233165.0206386026,252152.40676213635
232626.77716453292,252091.31104402084
231700.63476510826,251014.63650259897
232606.39823567058,252571.2774056484
231883.89527980404,251039.73474359242
231747.53627050464,252316.49526201776
233031.05915034583,251991.5180379991
232230.7866056591,252553.07868110336
232711.58947141582,251630.64332985037
232925.56822447025,251157.9764566392
232252.21444997756,251127.9785590375
232169.15033552155,252345.39323670743
231859.67032760248,251853.72769501517
231774.55833058924,251009.13688803866
231715.36952984938,251906.32400881022
232506.90111240157,251259.069371557
231697.68781216003,251966.8697654697
231645.94131632333,251812.0306173488
231919.2087668277,252238.15075278128
232065.7072922032,251235.42102894766
232531.12606460313,251113.17959622064
232336.67711837508,251540.19966858116
232788.31014477988,252575.67709729666
232751.6480521697,252327.5444876344
232581.22426472302,252160.60618748082
232858.4376352767,251575.5471912552
231843.63690562992,251884.72552253696
232683.96803107057,252096.0607111411
232141.62879188638,251951.32085521278
231843.63690562992,252150.30690930423
232298.21688498295,251192.92400734522
231906.57183299886,251208.2229351221
232857.28882311046,251710.28774798295
232864.48138623833,251112.02967681258
231997.37794248835,251122.67893046117
232580.72478117247,251794.43185075576
232110.56091504236,251278.71799448616
231868.361341382,252249.0499889099
233144.2920712549,251330.61435733712
232267.99813017485,251410.3587684617
232815.68184334988,251916.67328348279
233218.11574002577,251989.618171151
232051.02247581712,252186.90434437833
232357.20589230256,251021.08605058334
231724.56002717945,251180.82485531253
232430.92966436336,251076.83214362655
231644.69260744695,251204.52319441788
231996.07928525694,252386.7403389018
231715.31958149435,251187.2244068009
231857.27280655986,252063.96296070726
232240.6763799599,251718.1371978554
232580.5749361073,252085.3114645005
231895.8329366621,252437.1868033687
232296.96817610657,251164.87597308762
231624.06393680937,251903.42421204204
231999.77546353097,252159.55626106475
232316.3481378678,251458.70538009648
231896.78195540814,251614.0444931774
232628.92494380026,251707.7379266868
232525.3820037718,251562.49810579844
232547.75886683635,252244.75029025364
232215.80209914266,252526.88051719786
232831.315678482,252233.451082157
232796.40177829875,251803.5312130283
232591.16398737888,251540.7996265332
232852.3938843151,251923.5228034352
233060.7784216034,252560.22818003176
231620.51760360049,251458.15541864047
232576.4791709928,251048.0341619289
232540.81604548372,251386.0104749083
232869.57611845393,252150.25691280823
233204.97932264637,251249.32005483645
232984.7570252101,252097.86058499722
231808.123625186,251282.9676966464
231777.1556450521,251938.32176625205
232251.31537958657,252360.6921644843
232264.4018486109,251333.76413658532
232916.7273656256,251846.8781750628
232990.6009827515,251353.46275601044
231892.5363452285,251482.40371920186
232629.47437570587,251321.4150020726
231738.59551494985,252290.6470735843
232214.303648491,251382.81069916414
231896.48226527782,252039.16469868983
232186.4324663705,251632.9431686665
231626.06187101154,251131.7282962377
232717.08379047184,251114.4295086207
231767.91519936695,251560.64823544634
231885.34378210062,252091.61102299686
231715.56932326962,251004.6871998944
232585.22013312738,252086.41138741255
232337.526240411,251517.70124537987
232237.03015004093,251893.42491284147
233231.35205411527,251408.90887007763
232605.54911363465,251125.72871671736
231941.13609469673,252043.36440435407
231654.28269161747,251433.50714611105
232686.06586198288,252021.2659531208
233212.87116274502,252013.01653128033
232233.93335202752,251854.47764245523
232801.44656215928,251010.33680394274
231841.63897142772,252032.51516472147
232193.42523607815,252289.24717169622
231722.4122479121,251377.56106708382
232821.77554266655,251390.01019458854
233180.60452537966,251286.5174478626
232906.13831435397,251409.80880700567
231840.49015926148,252028.66543452922
231803.12878968054,251016.8863449191
231778.50425063857,251667.39075441248
232763.33596725253,252161.00615944882
232292.0732373112,251926.62258618738
232063.4096678707,251608.4948821211
231701.18419701385,251576.49712467927
232825.42177258554,251508.45189361935
232369.04365245055,252340.59357309114
231946.78025881792,251515.35141006776
232585.61971996783,251350.61295573827
232789.4090085911,251836.6288933822
232476.83220265864,251192.87401084922
231953.3234933301,251710.23775148694
232756.14340412465,252526.83052070186
231664.0725692082,251614.84443711347
233066.02299888415,252274.09823340733
233015.12562508337,251190.07420707305
232994.19726431544,251741.23557900873
233165.91970899358,252203.35319156328
232610.29420736484,251509.85179550742
233058.73053904614,251192.02407041716
232151.71835960745,252041.56453049797
233039.90000919052,251743.53541782484
232314.5999454409,251952.82075009288
231762.87041550645,251246.7202370443
232421.7391670333,251429.45742993482
231763.17010563676,252053.96366150668
233032.80734277275,251802.73126909224
231687.49834772886,251114.1795261407
232641.41203256394,251153.57676499095
232601.40340016512,251430.15738087884
231943.88325422475,252197.80358050694
232447.01303469096,252230.15131342082
232983.05878113824,251521.2509965961
231946.5804653977,251257.1695047089
232121.64944986452,251819.08012328518
232759.34009884813,251195.82380411337
232964.62783812307,251816.18032651703
231686.4494322727,251088.73130967523
232386.22588658938,251280.01790338222
232601.8529353606,251033.68516757607
231724.11049198397,252389.24016370194
233121.56556970498,251794.53184374777
232450.65926460997,252140.05762762364
232670.63182027097,252573.47725147253
232194.17446140395,251104.28021993212
233121.76536312522,251386.16046439632
232198.8696067791,251801.33136720417
231939.2880055597,251537.199878821
233118.5686684017,251851.82782816706
231765.16803983896,251585.7964729358
233010.78011819362,251160.67626742338
231748.38539254057,251575.6971807432
232106.71489170313,251333.86412957733
232757.1923195808,252300.79636227287
232063.10997774036,251553.64872600595
231769.76328850398,251037.98486623232
232658.99385354322,252511.881568397
232716.83404869656,251716.98727844734
231705.62960061373,251251.16992518856
232112.70869430972,251122.67893046117
232461.8476961422,251798.78154590802
232759.73968568858,251110.7797644125
232489.1194980021,251660.34124847606
232755.49407550893,252446.98611658526
231677.45872836286,251274.4682923259
232636.61699047868,251301.41640367146
232140.03044452463,251609.99477700118
232546.2604161847,251974.66921884613
232867.47828754163,251349.4130398342
232590.1650202778,252316.04529355373
232221.2464698436,252112.55955482204
231784.24831146986,252186.5043724103
233024.31612241344,251403.0092835493
232684.86710146154,252335.8939024669
232039.034870604,252013.8664717124
232403.70781085853,252379.44085048538
232691.2105425535,251359.06236356276
231838.89181189972,251008.73691607063
233090.34784779578,251495.20282217857
233098.739171445,251999.9174493276
232249.11765196416,252564.277896208
231984.19157675392,251714.5374501432
232294.47075835385,251844.17836427863
232648.65454404688,251322.46492848865
232402.25930856194,252407.588877735
232114.10724825124,251203.97323296184
232058.215038945,251773.9332873946
233026.06431484036,252020.81598465677
232929.86378300496,252045.31426769818
233050.68885388234,252012.6665558083
231665.22138137446,251771.7834380665
232807.49031312088,252257.19941775835
232219.89786425713,251634.8430355146
232371.79081197854,251437.9568342553
232275.9898669836,251310.16579047195
231848.88148291066,252039.91464612988
232516.5910932822,252462.13505487415
233139.6468742348,251083.68166357893
233139.49702916964,251969.61957274983
231996.8784589378,251681.98973124532
233160.7250800679,251653.6417180117
233043.59618746457,251494.30288525054
231953.82297688065,252464.83486565828
232964.17830292755,251100.73046871592
231658.5283017971,251302.86630205554
232891.25370454768,252436.58684541666
232039.933940995,251236.92092382774
232220.79693464813,251863.17703275973
232321.74256021372,252008.11687467207
232435.12532618793,251959.47028406124
232554.95142996422,251992.21798894313
233155.68029620737,251032.185272696
232262.50381111883,252490.7830470838
233184.99998062447,251031.83529722397
233094.8431997507,252184.25453009017
231711.6234032203,252235.4009455011
231887.84119985334,251970.21953070187
232235.08216419377,251439.00676067136
232047.27634918803,251388.21032073244
232368.49422054493,251010.43679693472
233060.07914463262,252093.06092138094
232771.17785899612,251271.1685235897
232077.5450523512,251401.90936063722
231702.63269931043,252518.53110236538
231721.91276436156,251464.90494560084
231951.3255591279,252151.10685324026
232057.86540045962,251202.17335910574
231655.58134884888,251101.18043717995
231707.27789633052,251213.97253216244
232556.69962239114,251280.16789287023
231647.7394571053,252494.03281932397
232229.4380000726,251550.54894325376
231769.16390824332,251629.7933894183
232951.94095593915,251192.12406340917
232274.19172620162,251361.06222340287
231686.49938062776,251787.8823097794
232981.76012390683,251480.05388388972
232379.8824454974,252207.00293577148
233078.0605524523,251664.3909646523
231903.92457018097,251786.18242891532
231925.90184640506,251206.17307878597
231716.96787721114,251299.06656835933
231729.80460446022,251346.61323605804
233121.0161377994,252104.21013998956
232860.38562112386,251436.80691484723
232257.10938877292,251554.648655926
232631.6221549732,251196.77373753744
231942.88428712366,252413.73844674334
232065.4076020729,252126.85855267887
232490.31825852342,251738.8357472006
232917.77628108172,251435.80698492719
232536.0210033985,251736.28592590443
232174.54475786746,251575.74717723922
232534.97208794233,252298.99648841677
232137.4331300618,251040.43469453647
231773.35957006793,251084.681593499
233141.7447051471,252562.22803987187
232094.37764800462,252353.4426725639
231681.45459676723,251339.96370208968
231653.38362122647,251487.20338281812
232476.03302897775,251821.97992005336
231805.8260008535,251995.71774366335
231898.63004454516,252237.95076679726
233011.72913693966,251183.8746415687
232471.73747044304,252228.0014640927
232746.90295843952,251997.96758598348
231631.55619006758,251060.08331746559
232160.65911516224,251748.58506392114
232296.1690024257,252168.55563034528
231702.63269931043,252141.5075260077
231928.59905757802,251965.1198881096
231851.2790039533,251941.4215490042
231709.57552066306,251046.68425653683
231780.10259800032,252560.9281309758
232512.0457929722,251318.96517376846
232375.53693860766,251185.7745084168
232345.91756406022,252116.10930603827
231831.0998685112,252042.56446041804
231761.571758275,251714.6374431352
232908.885473882,251475.40420976144
232878.66671907387,251112.27965929257
232691.7599744591,251274.81826779793
231989.0365671942,251690.0391671018
231986.43925273136,252162.40606133692
231623.31471148354,251986.96835686284
231990.78475962114,252066.71276798742
232746.30357817886,251820.33003568527
232280.68501235874,252084.66151005245
231934.3431184093,251440.45665905543
231668.66781787324,252542.0294554867
231884.794350195,252568.57759486424
232997.04432055357,251834.6290335421
232552.40406385643,251240.52067153994
232915.0291215537,251796.3817140999
232742.4076064846,252132.9081286952
231746.48735504848,251102.88031804404
232639.11440823143,252405.48902490287
233010.18073793297,251915.0733956107
232742.75724496998,251715.93735203127
232877.21821677728,251273.36836941383
232238.72839411278,251410.95872641375
231966.21016893422,251946.0712231325
231764.41881451313,252156.15649933656
232226.4410987693,252016.96625446455
232793.55472206062,252003.7671795198
232969.72257033864,251392.21004041267
232532.17498005927,251370.76154362745
232570.88495522668,252042.76444640206
232640.21327204263,252407.238902263
231949.72721176615,251358.31241612273
232719.58120822458,252355.99249386005
231736.34783897238,252048.9640119064
233217.56630812018,252030.01533992132
231975.25082119912,252253.84965252617
232171.34806314396,251785.08250600324
232124.59640281272,251395.40981615684
232558.04822797762,251820.33003568527
231943.13402889893,252005.01709191987
233120.71644766905,251324.9147567928
232286.92855674058,251139.82772859017
232815.48204992965,251552.34881710986
232203.46485544415,252019.76605824073
233042.49732365337,251403.0592800453
231650.13697814793,252443.08638989704
233037.85212663328,251961.22016142137
231667.3691606418,251705.73806684668
233167.5680047104,251827.8295100857
232267.54859497934,251525.95066722034
233162.17358236448,252056.56347929884
232876.91852664697,252537.42977785447
232139.73075439432,252050.31391729848
232141.67874024145,252359.44225208423
233038.90104208942,251960.1702350053
231680.7053714414,251947.22114254054
232295.86931229537,252260.69917247858
232280.8348574239,252252.5497436301
232596.25871959448,251463.25506123275
232161.45828884313,251203.62325748985
232446.76329291568,252064.06295369926
232617.98625404327,252289.0971822082
231893.7351057498,251411.20870889377
232450.80910967512,252327.04452267438
232137.73282019212,251092.68103285946
231645.69157454805,251877.82600608858
233179.85530005384,251134.32811402986
232888.60644172976,251416.00837251003
232594.1109403271,251264.46899312534
232000.77443063207,252310.94565096145
231956.57013640864,252114.70940415017
231938.1891417485,252481.58369181925
232088.53369046323,252375.09115533312
232637.4661125146,251132.27825769375
233229.80365510858,251598.1456074485
231944.33278942024,251984.06856009466
232783.91468953507,251653.14175305166
232544.9617589533,251033.48518159206
232302.31265009745,251459.90529600056
233151.8842212232,252191.00405705057
232683.76823765034,251029.1854829358
232309.3054198051,252138.75771872755
232938.05531323393,251376.01117570774
231982.79302281237,251660.7912169401
231983.94183497864,252355.192549924
232721.9787292672,252436.03688396062
232191.27745681079,251128.67850998152
232785.26329512155,251034.88508348013
232851.4948139241,251330.61435733712
232187.33153676146,251986.5183883988
232117.30394297474,251289.16726215076
232140.1802895898,251414.95844609398
232333.08083681113,251039.08478914437
231940.0871792406,251039.6347506004
232044.3293962398,251266.06888099742
233033.45667138847,251555.59858935006
232974.21792229355,252127.3585176389
232562.6934249977,252551.57878622328
232290.07530310904,251244.4703947242
232084.83751218917,251535.4999979569
231877.40199364693,251820.6800111573
232516.84083505746,251648.5420754194
232892.95194861953,251776.48310869074
231965.0114084129,252281.34772532774
233015.37536685864,251837.92880227827
231998.92634149504,251623.64382040995
232119.05213540167,251444.70636121568
232677.57464162356,251048.2841444089
232351.26203805106,251157.9764566392
232933.16037443856,251658.09140615593
232106.9646334784,251442.85649086357
232795.40281119765,251708.78785310287
232449.11086560326,252239.15068270132
232176.24300193932,252286.74734689607
232983.00883278318,252222.40185654035
232418.44257559968,251747.5851340011
232944.2988576158,252189.55415866646
232290.72463172473,251243.97042976416
232541.86496093989,252293.94684232047
233047.34231409366,252241.35052852545
231810.52114622865,251009.93683197472
231818.2631412621,252187.90427429837
233095.89211520687,252036.31489841768
232995.29612812665,251575.3472052712
231683.20278919415,252581.776669809
233134.352348599,252017.21623694457
231725.25930415024,251714.23747116717
232062.96013267522,251569.34762575084
232336.3274798897,252534.8299600623
232467.09227342295,251521.7009650601
232324.23997796647,252494.68277377202
232555.25112009456,251519.50111923597
232463.49599185903,251110.9797503965
232849.04734452642,251859.1273165835
232298.9161619537,251580.64683384748
231739.7443271161,251932.77215519574
231624.46352364979,252018.91611780867
232820.02735023963,251824.72972733353
232139.73075439432,252035.46495798562
232352.3109535072,251540.99961251722
232676.67557123257,251897.6746150017
231889.9889791207,252310.2457000174
231735.69851035665,251432.20723721496
232415.39572594131,251324.51478482477
232314.10046189034,252217.7021859161
232058.215038945,251413.4585512139
231744.43947249124,251796.13173161988
232893.8510190105,251870.0265527121
232541.36547738934,251047.9341689369
232880.4149115008,252101.2603467254
232694.25739221185,252085.3614609965
232515.09264263054,251439.6067186234
233134.5521420192,251038.13485572033
232779.1196474498,251796.9316755559
231689.04674673555,251840.0286551104
232875.27023093015,251373.11137893956
232667.03553870702,252244.10033580562
231792.4897900539,251088.68131317923
232064.7083251021,251733.23613964827
233146.09021203686,251912.12360234655
231857.82223846545,251336.76392634548
233130.55627361484,251585.9464624238
232735.26499171177,252465.33483061832
232456.75296392664,251306.46604976774
232699.1523310072,252096.1107076371
233015.17557343844,252082.76164320434
231895.43334982166,251948.97101990067
232040.73311467585,252153.85666052043
232979.06291273388,251880.52581687272
232491.8666575301,251709.4878040469
231626.96094140253,252495.68270369206
233162.42332413976,251496.55272757067
232689.51229848166,251916.3733045068
233153.68236200517,252065.16287661134
231846.0843750276,252234.10103660505
231680.15593953582,251207.22300520205
232241.62539870595,251560.89821792635
231684.8011365559,252207.4029077395
232600.90391661457,251971.66942908595
232806.79103615013,251173.7253528801
232984.1076965944,251356.2625597866
231980.14575999448,251211.22272488227
232335.87794469422,251140.57767603023
232293.77148138307,252117.30922194233
232149.52063198504,252034.31503857757
232759.78963404364,252026.6155781931
231758.52490861667,252062.7130483072
232085.53678915993,251093.2809908115
232473.28586944976,251633.09315815452
232726.77377135245,251339.0137686656
232015.10960853277,251788.38227473942
232841.30534949293,252576.5270377287
231770.16287534442,251342.2135444098
233135.95069596075,251664.3409681563
232660.5422525499,252437.2867963607
232702.7985609262,251033.73516407207
232511.09677422617,252394.23981330224
232202.1661982127,251897.4246325217
232353.65955909368,251915.62335706674
231848.78158620055,251014.58650610296
232080.34216023426,252333.94403912278
233073.96478733784,251431.85726174296
231733.8004728646,251900.12444330586
231720.96374561553,252024.815704337
233206.1780831677,251233.57115859556
232284.63093240806,251840.92859203846
232561.24492270112,251947.67111100457
233150.8852541221,251272.11845701377
232706.79442933056,251984.06856009466
232863.13278065185,252033.06512617748
232652.30077396586,251648.39208593138
232506.1019387207,252236.40087542115
231939.58769569005,252128.25845456697
232822.97430318786,251567.79773437476
232390.47149676902,251540.5496440532
232276.5392988892,251580.19686538348
231627.06083811264,251174.67528630418
232401.26034146085,252256.99943177434
232367.4453050888,252326.64455070635
231732.55176398822,252345.0432612354
231736.44773568248,252204.80308994735
232398.61307864293,251258.01944514096
231998.87639314,252476.43405273097
231758.0753734212,251848.02809447085
232657.94493808705,251432.15724071895
232328.08600130567,251314.5654821202
233125.56143810938,251413.60854070188
232382.67955338047,251963.61999322948
231772.06091283652,251328.514504505
231875.35411108966,251991.11806603108
232095.37661510572,251813.28052974885
232241.9250888363,252399.43944888652
232485.27347466288,251100.03051777187
232350.16317423986,252416.3882610315
231867.01273579552,251322.56492148066
233136.20043773603,251901.97431365796
231754.67888527745,251442.25653291153
232888.05700982417,251260.4692734451
232116.95430448937,251895.8247446496
231858.2218253059,251092.28106089143
232511.29656764638,251189.67423510502
232587.4178607498,252311.09564044946
232402.10946349677,252577.17699217674
231717.2176189864,251527.35056910844
232335.92789304926,252214.6024031639
233196.5879989972,252137.7577888075
232313.50108162969,251070.4825886342
232025.7985565145,252216.55226650802
232821.07626569577,251294.21690824704
232827.07006830236,251276.218169686
231968.05825807122,252364.89187014854
232606.64797744586,251817.6802213971
231938.58872858895,251893.42491284147
232168.2013167755,251874.27625487235
233099.7381385461,252033.76507712153
232448.36164027744,252414.4383976874
231801.6303390289,252463.53495676222
232979.61234463946,252038.61473723382
232819.47791833404,251146.22728007854
231738.1959281094,251311.91566783204
232711.08998786527,252330.9442493626
231820.51081723958,252009.0168116001
232325.98817039336,251162.22615879946
232160.90885693752,251402.00935362923
233082.00647250164,252219.4520632762
232525.0823136415,252227.60149212467
232862.4335036811,252518.13113039735
232164.20544837113,251870.37652818413
233150.58556399177,251119.82913018903
233188.14672699294,251840.47862357443
232146.9233175222,251529.85039390856
233055.0343607721,252582.17664177704
231692.09359639388,251469.4546267371
232616.1881132613,252187.00433737034
232479.37956876642,251941.52154199622
232018.955631872,252109.7597510459
232372.24034717405,251765.43388307412
232675.67660413147,251244.57038771617
232881.31398189178,252179.8548384419
232811.53612988032,252451.1858222495
232536.3206935288,251989.668167647
232829.1179508596,251240.22069256395
231924.15365397814,251738.18579275254
232207.16103371818,252526.1805662538
232139.8805994595,252564.77786116803
232932.01156227232,252201.35333172316
232937.6557263935,251736.73589436847
231889.5394439252,251836.07893192617
233176.7085536854,251926.87256866737
232040.58326961068,252273.14829998327
232179.9891285684,251136.77794233398
232348.06534332756,251185.3745364488
232653.34968942203,251891.82502496938
232068.8040902166,252443.7863408411
233058.28100385066,252042.16448845
231912.01620369984,251360.66225143484
232582.6727670196,251433.85712158307
232889.15587363538,251444.80635420769
232078.89365793768,251370.2615786674
232576.62901605797,251453.6557340002
232662.39034168693,252469.03457132253
232156.6132984028,251547.74913947762
232190.12864464452,251415.058439086
233051.33818249806,251884.97550501698
232484.52424933706,251171.57550355198
232548.358247097,251656.34152879583
232167.75178158,251491.8530569464
231703.8814081868,252540.67955009465
233119.86732563312,251109.87982748446
233075.31339292432,251983.0186336786
232761.78756824584,251661.14119241212
231694.6409625017,251935.37197298786
232162.60710100937,251016.8363484231
232085.33699573972,252262.14907086265
231917.31072933564,251806.73098877247
232444.16597845286,251991.66802748712
233072.1166982008,252565.8777840801
232153.81619051975,251814.88041762094
232817.57988084195,252449.73592386543
233207.2769469789,251147.4271959826
232796.15203652348,252033.5650911375
232641.76167104932,251817.5802284051
231817.1642774509,252534.6799705743
232469.7894845959,252570.37746872034
233048.24138448466,251705.23810188664
232051.32216594747,251878.07598856857
231730.75362320626,252139.25768368758
232562.4936315775,252089.81114914073
232337.4263437009,251185.8745014088
232958.23444867606,251706.1380388147
233076.6619985108,252066.76276448343
231870.60901735947,251085.38154444305
232027.74654236162,251954.32064497296
232209.40870969565,252068.3626523555
231934.8925503149,252052.3637736346
232698.2532606162,252459.68522657
232476.5325125283,252323.7947504342
232099.77207035053,251040.43469453647
232140.38008301004,251560.84822143035
232088.7834322385,251584.6965500237
232488.96965293694,251690.2891495818
231895.6331432419,251382.1607447161
231700.83455852847,251373.5113509076
231653.6833113568,252141.3075400237
232005.86916284767,251605.84506783294
233028.51178423804,251511.25169739552
232175.19408648316,251599.8454883126
232959.08357071198,251661.64115737216
232293.37189454265,251528.25050603648
233109.0784809413,251628.49348052224
232850.74558859828,251189.32425963302
232205.91232484183,251449.9059968
231621.21688057124,251352.56281908238
231835.69511717622,251465.9048755209
232356.80630546215,251444.00641027166
232136.9835948663,251362.96209025098
232126.89402714526,252255.54953339027
231657.17969621063,252283.9975396159
232471.53767702283,252271.9983805752
232014.26048649685,252033.01512968147
232980.86105351584,251159.87632348732
231774.6082789443,251242.62052437206
231822.20906131144,251682.68968218935
231873.95555714815,251175.0252617762
232801.6463555795,251294.51688722306
233195.08954834554,251410.60875094173
232093.82821609903,251395.30982316483
232073.29944217153,251085.18155845904
232265.35086735693,252460.78514948205
232645.35795261327,251711.03769542297
232002.47267470392,252436.83682789668
231839.39129545027,251551.79885565385
232803.09485787607,251078.63201748265
231762.07124182556,251812.53058230883
232645.70759109865,251244.17041574817
232030.9931854402,251355.9625808106
232495.56283580416,251655.09161639577
232019.80475390793,252369.64153726882
232897.39735221938,251442.50651539155
232991.94958833797,251905.87404034619
231857.6723934003,251501.10240870694
233123.01407200156,252376.89102918922
232885.35979865122,251190.7241615211
233181.85323425604,251143.6774587824
232644.209140447,251274.3183028379
232941.85138821809,251796.4317105959
232978.56342918333,252556.67842881556
232041.83197848705,252429.08737101624
231923.45437700738,252523.68074145366
232878.16723552332,251746.98517604906
232812.53509698142,251121.3290250691
232893.00189697457,252349.54294587567
232501.30689663545,252300.64637278486
232527.4798346841,251074.3323188264
232012.96182926543,252564.92785065604
231624.36362693968,252160.60618748082
232052.22123633843,252389.19016720593
232983.40841962362,251845.32828368671
231962.61388737027,252086.06141194052
231675.8603810011,251730.3363428801
231707.9771733013,251765.68386555414
232832.11485216286,251663.64101721227
231695.9396197331,251359.6623215148
232281.68397945983,251812.78056478882
231637.74978609435,251762.58408280194
232010.41446315765,251642.79247837907
232836.66015247285,252319.49505177795
233197.53701774322,251958.6203436292
232300.41461260535,251301.51639666347
231650.33677156814,252581.82666630502
231627.51037330815,251259.86931549307
233199.28521017014,251558.84836159024
233175.30999974388,251623.09385895394
231755.82769744372,251710.33774447895
232043.2305324286,251151.0269436948
233121.51562134994,252133.9580551113
232233.88340367246,251831.5292507899
231751.3323454888,252233.75106113302
232536.87012543442,252389.04017771795
233184.550445429,251801.6313461802
232945.5975148472,252111.85960387802
231828.60245075845,251487.40336880213
232220.29745109758,251793.38192433972
231786.89557428774,252092.5609564209
232533.52358564574,252412.98849930332
232750.09965316302,251033.78516056808
232789.6088020113,252062.8630377952
232681.67040673806,252554.0786110234
232023.40103547188,251856.32751280733
231957.21946502436,251109.77983449245
232401.8597217215,252503.83213254053
232905.4390373832,251707.18796523075
232104.766905856,251808.23088365258
232299.8152323447,251108.17994662034
231782.6499641081,251154.126726447
232062.61049418984,251322.71491096867
232630.57323951708,252160.50619448881
232256.5599568673,252022.26588304088
232245.17173191483,251515.80137853176
233162.82291098018,252104.7101049496
233079.00957119837,252519.43103929344
232808.3394351568,251849.32800336694
232261.754585793,251181.07483779255
232849.79656985225,251782.48268821108
231683.6023760346,252112.75954080606
233212.42162754954,251969.26959727783
231997.47783919846,251469.90459520114
232242.27472732167,251819.5300917492
233147.6885593986,251660.7412204441
231837.64310302335,252145.30725970393
232646.05722958402,251564.9979305986
232687.71415769967,252202.4532546352
232202.01635314754,251523.1508634442
233007.88311360043,252557.42837625562
232121.89919163976,252174.80519234564
232060.66250834268,252292.29695795238
232943.9492191304,251427.3575771027
232478.6303434406,252445.8361971772
232476.13292568788,251303.9162284716
232745.90399133842,251286.76743034262
233082.90554289264,252243.00041289354
232441.81840576528,251196.77373753744
232074.39830598273,251861.42715539964
232894.89993446667,251048.88410236096
231806.3754327591,252295.54673019255
232530.87632282785,251900.57441176986
232444.06608174273,251391.51008946862
231989.4861023897,252389.54014267796
232852.94331622068,251907.07395625024
231966.6597041297,252493.58285085994
232146.4737823267,251568.2976993348
231780.80187497108,252272.54834203125
233149.83633866598,251108.02995713236
232343.32024959737,252018.46614934463
232110.8606051727,252312.64553182555
232168.5509552609,252226.7015551966
232013.3114677508,251143.6774587824
232697.40413858028,252043.51439384208
233138.84770055392,252275.94810375944
233077.11153370628,252451.38580823352
232427.73296963985,251903.27422255403
232567.03893188745,251910.87368994646
232692.25945800965,252206.60296380345
232644.35898551217,251634.39306705058
232091.83028189684,252109.7597510459
232389.37263295782,252479.0338705231
231731.00336498153,251970.26952719787
232936.60681093734,251817.98020037313
233207.07715355867,251099.9305247799
232515.2424876957,251181.77478873657
231787.49495454843,251973.86927491007
232400.21142600468,251461.0052189126
232608.39616987278,251800.88139874014
232121.79929492966,251257.61947317293
232790.25813062701,252529.03036652599
232902.44213607992,252566.97770699215
231926.0516914702,251911.22366541848
232683.41859916496,252466.58474301838
231901.62694584846,252430.3372834163
232471.5876253779,251494.70285721857
232367.3454083787,251461.95515233668
232789.55885365626,251868.97662629606
232842.6539550794,252455.8854928738
232928.1655389331,252523.98072042968
232285.6798478642,251086.98143231514
231747.2365803743,251173.92533886412
232755.59397221904,251803.3812235403
232734.86540487132,252041.91450597
231686.84901911314,251831.4792542939
232116.8044594242,251978.06898057432
232605.34932021445,252398.28952947847
232877.0683717121,252406.48895482294
232243.1238493576,251495.95276961863
232111.41003707828,252422.9877985039
231728.95548242427,252560.7281449918
233081.10740211068,252017.7661984006
231648.33883736597,251315.51541554427
231818.56283139245,251120.92905310108
231860.46950128337,251961.82011937338
231928.8487993533,251367.86174685927
231661.67504816558,251604.54515893687
231999.02623820517,251744.2853652649
232427.68302128479,251926.27261071536
233147.23902420313,251998.8175264155
232063.15992609542,251610.84471743324
232603.8508695628,252285.39744150397
233114.87249012766,251277.61807157408
231787.9444897439,251174.77527929618
232561.39476776627,251731.13628681615
233074.61411595356,251049.63404980098
232136.5340596708,251491.30309549035
232435.4749646733,251044.6344002007
232043.38037749377,251254.61968341278
232572.13366410305,252225.65162878056
232995.6957149671,251983.96856710265
231655.28165871857,251165.22594855962
232342.67092098165,252008.41685364806
231920.3076306389,251008.63692307862
232909.83449262803,251511.85165534753
231810.72093964886,251116.2793789728
232448.66133040778,252173.75526592956
232913.88030938746,252235.2509560131
232035.18884726477,252347.54308603556
233142.64377553808,251710.33774447895
231715.06983971907,251263.9690281653
232369.89277448648,252162.70604031294
232482.22662500455,252013.51649624037
232161.85787568355,252458.93527912995
231637.450095964,251292.81700635896
231915.26284677838,252543.72933635084
232942.10112999336,251569.69760122287
232879.3160476896,251673.74030940485
231657.27959292076,252541.12951855868
232629.02484051036,252083.16161517237
232714.8361144944,252253.64966654216
233230.1033452389,251049.984025273
231659.37742383304,251964.56992665355
232854.24197345212,251372.11144901952
232948.144880955,251724.08678087973
232328.98507169666,251773.28333294656
231783.59898285414,251531.50027827668
232388.22382079155,252450.13589583346
231720.26446864475,251571.19749610295
233012.87794910592,251190.07420707305
232791.95637469887,251828.87943650177
232339.0746394177,252117.60920091835
232614.14023070407,252210.15271501965
232817.1802940015,252485.58341149948
232117.25399461968,251808.18088715657
232002.37277799382,251929.67237244354
232087.53472336213,251592.6459928882
231625.71223252616,251100.5804792279
232362.75015971364,251132.72822615775
232346.01746077032,251059.68334549756
233201.78262792286,251529.50041843657
232150.71939250635,252305.54602939315
232793.8044638359,252384.8404720537
232483.2755404607,251159.22636903927
232680.27185279652,251355.66260183457
232569.5363496402,252210.55268698768
232919.27473173337,252263.94894471875
231891.78711990267,251928.6224460275
233141.2951699516,252560.47816251178
231973.20293864186,251496.8527065467
232579.22633052082,251108.77990457238
232890.35463415668,252402.68922112673
231714.27066603818,251691.43906898986
233169.41609384742,251414.60847062196
233004.48662545672,251288.96727616675
233151.63447944794,251719.8870752155
231706.8783094901,251936.42189940394
232623.08098625886,251346.91321503406
232043.48027420387,251491.65307096238
231889.9889791207,251765.53387606613
232371.7408636235,252386.5403529178
232149.37078691987,251485.55349845003
231976.6993234957,251264.61898261335
232460.79878068608,251576.19714570325
232474.48462997106,252393.5898588542
231998.02727110407,252003.11722507176
231816.51494883522,252437.73676482475
232373.78874618074,251957.32043473315
232383.62857212653,251260.2192909651
232755.0944886685,251949.7709638367
233136.40023115624,252560.32817302376
232597.95696366634,252552.0287546873
231955.87085943788,251450.605947744
232734.1161795455,251048.43413389692
232345.91756406022,251945.37127218844
232743.9560054913,251259.76932250106
232839.55715706604,251460.7552364326
233133.80291669338,251572.94737346304
232390.02196157354,252372.741320021
232858.73732540704,251387.21039081237
232036.18781436587,252208.60282364357
232599.80505280336,252155.4065518965
232717.98286086283,251897.22464653768
232708.44272504738,251869.4765912561
232859.73629250814,252179.45486647388
233114.3730065771,251191.12413348912
232177.44176246063,252474.98415434686
231704.73053022273,251634.7930390186
232844.60194092654,252323.39477846617
232138.0824586775,251004.98717887042
232039.48440579948,252248.80000642987
231765.86731680972,251495.6527906426
232405.1563131551,252016.76626848054
232633.6200891754,252426.8375286961
232312.0525793331,252539.17965521457
232696.0555329938,251551.59886966983
231766.61654213554,251228.62150549126
232949.043951346,251877.37603762455
232383.57862377146,251409.30884204566
232875.71976612564,251938.02178727603
232592.7123863856,251626.99358564217
231624.36362693968,252078.11196907607
232589.0661564666,251529.40042544456
232627.1268030183,251720.53702966354
232322.94132073503,252482.88360071531
231683.40258261436,251932.97214117972
233204.23009732054,251359.41233903478
233077.41122383662,251909.12381258636
232170.59883781814,251459.0553555685
231759.72366913798,251315.36542605626
232767.38178401196,251450.055986288
231773.30962171286,252433.78704164052
232467.5917569735,251991.86801347113
231990.83470797617,251516.15135400378
232349.31405220393,251366.8118204432
232899.39528642158,252126.35858771886
232589.46574330702,251507.6519496833
232140.77966985045,251367.86174685927
232583.02240550498,252166.15579853713
232716.18472008087,252258.39933366244
232401.11049639567,252111.20964942998
232611.54291624122,252252.5997401261
232558.14812468772,251303.46626000758
232699.6018662027,251365.76189402715
232447.16287975613,252264.9988711348
232195.27332521515,251415.108435582
232271.39461831856,252493.0328894039
232727.12340983783,251079.1319824427
231669.21724977883,251750.38493777724
232714.28668258878,252388.2402337819
233057.48183016977,251586.29643789583
232908.9853705921,252246.30018162975
232725.42516576598,251662.09112583616
232447.56246659657,252035.0649860176
233040.2496476759,252159.45626807274
231899.0296313856,251580.7968233355
232265.6006091322,251207.17300870604
232008.41652895545,251313.01559074412
232105.26638940655,252055.16357741074
232913.3808258369,252036.36489491368
233040.1497509658,252233.85105412503
232163.70596482058,252009.96674502417
232638.1653894854,251943.67139132434
232846.94951361412,251822.6298745014
232984.4573350798,251914.42344116268
232269.24683905122,252337.99375529902
232710.14096911924,252221.3519301243
232304.95991291534,251057.1835206974
232540.5163553534,251102.73032855603
232550.6558714295,252435.78690148063
233170.01547410808,251986.21840942279
232935.10836028573,252555.4285164155
232304.2106875895,251154.82667739104
232335.67815127398,252040.96457254593
232157.46242043874,252164.60590716105
232782.7658773688,251716.3373239993
231983.7420415584,252564.87785416003
232402.4091536271,252421.3879106318
231962.51399066017,251623.39383792994
232948.94405463588,251366.11186949917
231964.91151170278,252240.95055655742
233177.15808888088,252089.66115965275
231859.52048253734,251722.18691403163
232201.9664047925,251546.44923058152
233076.2124633153,252540.32957462262
232645.05826248293,252362.0420698764
232681.07102647738,251992.81794689517
233187.09781153678,251895.37477618558
231756.97650961,252247.4001045418
232280.1855288082,252233.95104711704
232598.2067054416,251100.03051777187
233175.90938000454,252286.54736091205
231735.24897516117,251883.77558911292
232342.32128249627,251337.36388429752
231794.2379824808,251722.23691052763
232607.89668632223,251949.8709568287
232680.57154292686,251009.93683197472
232385.72640303883,251543.99940227738
232147.27295600757,251586.59641687185
232488.52011774143,252301.0963412489
232925.26853433994,252012.6165593123
232929.7139379398,251431.90725823893
232091.73038518673,252471.8843715947
233153.83220707034,251193.27398281725
233100.9368990674,251160.22629895934
233014.2265546924,252235.60093148513
231909.26904417182,252079.51187096417
231693.99163388598,251290.46717104682
233067.07191434028,251955.47056438102
231915.9121753941,251853.17773355916
231696.3891549286,252132.9081286952
233093.24485238898,251977.11904715028
231806.22558769395,252534.5799775823
232693.60806359613,251327.964543049
231711.7232999304,251672.44040050876
232804.6432568828,251202.12336260974
232638.4650796157,252437.0368138807
233009.73120273746,251261.81917883718
233088.7994487891,252122.15888205462
231885.64347223094,252076.862056676
231730.3540363658,252334.4940005788
232214.60333862135,252363.9919332205
232733.26705750957,252162.2560718489
232095.22677004055,251287.26739530265
231645.79147125816,251232.3212461955
232430.03059397236,251981.96870726254
231773.7092085533,252440.5865650969
232913.88030938746,251995.81773665536
231832.2986290325,251241.420608468
233110.82667336822,251550.04897829372
232090.73141808563,252273.7482579353
232991.00056959194,252135.00798152733
232036.5874012063,251217.52228337864
231716.66818708082,251251.41990766858
233092.79531719346,252105.36005939764
232499.30896243325,251362.01215682694
232082.68973292183,251761.9841248499
231929.49812796898,251119.279168733
233109.57796449185,251736.08593992042
233228.15535939176,252158.3063486647
232065.65734384817,251910.17373900244
232016.05862727884,251729.68638843205
231750.18353332253,251036.73495383226
232393.26860465208,251355.31262636255
232281.98366959018,251047.03423200882
232226.84068560976,252072.46236502775
231693.89173717587,251752.53478710537
232133.28741659227,252359.74223106026
233195.6889286062,252272.74832801527
232591.41372915416,252083.66158013238
233185.49946417502,252568.52759836824
232538.56836950628,251852.62777210312
232688.41343467045,251110.7797644125
233202.43195653858,251332.81420316125
232774.02491523424,252377.54098363727
231735.1990268061,252226.0516007486
232776.47238463192,252003.21721806377
231994.03140269968,251726.08664071985
231785.69681376644,252075.86212675594
231685.2506717514,251240.87064701197
232023.85057066736,252542.32943446274
233193.89078782423,251991.4680415031
232341.42221210527,252208.9527991156
232914.77937977843,252120.2590152065
231701.28409372395,251159.6763375033
233214.51945846181,251166.62585044772
231919.3086635378,252391.34001653406
232464.49495896013,251047.48420047286
232565.59042959087,251738.08579976053
232248.068736508,251983.36860915064
231983.94183497864,251315.46541904827
232784.8637082811,252393.98983082222
232217.60023992462,251034.53510800813
232551.50499346544,252084.81149954046
232225.39218331318,251960.92018244535
231686.49938062776,252143.2074068718
232893.35153545995,252430.93724136834
232721.27945229644,251253.16978502867
231908.56976720106,251005.78712280648
232810.48721442418,251881.8757222648
232717.233635537,252508.78178564482
231761.02232636942,251212.47263728234
233004.68641887693,252101.76031168544
233119.06815195226,252218.0521613881
232160.3594250319,252513.8814282371
231797.93416075484,251543.14946184534
232328.08600130567,252242.40045494153
232768.9801313737,252543.1293783988
231795.2369495819,251984.6685180467
232574.3813400805,251035.33505194416
232693.3083734658,251463.9050156808
232859.03701553738,251882.52567671283
232047.32629754307,251852.2278001351
232262.80350124915,251472.70439897728
231790.19216572138,251090.88115900336
233082.1563175668,251495.25281867458
232448.11189850216,252389.14017070993
231883.99517651414,251233.32117611554
233029.06121614366,251906.2740123142
233094.193871135,251571.24749259895
232418.89211079516,251443.3564558236
232733.4668509298,251654.69164442774
232798.9990927616,252335.8939024669
232768.38075111306,252168.60562684128
233114.92243848272,252463.83493573824
233032.05811744693,251730.08636040008
232339.0746394177,251955.27057839703
231959.91667619732,252302.64623262497
231734.0002662848,251935.9219344439
232746.2536298238,251101.58040914798
232863.8320576226,252424.837668856
232895.19962459698,251077.4321015786
231742.2916932239,252534.03001612626
233137.49909496744,251438.1068237433
231708.87624369227,252578.47690107283
232741.5085360936,251073.98234335438
232011.71312038906,251775.23319629068
232694.45718563205,251661.94113634818
231914.11403461214,251098.08065442776
232857.28882311046,251632.6931861865
232375.13735176722,252259.04928811046
232845.85064980292,252212.8025293078
232612.84157347263,252021.1659601288
232871.77384607634,251394.3598897408
233015.27547014854,251474.7042588174
232302.2127533873,252480.7837478832
233092.0960402227,251041.93458941655
232191.3773535209,252233.451082157
232410.15114866057,251215.87239901055
232565.3406878156,252407.98884970302
232905.48898573825,251838.87873570234
232269.19689069616,251997.51761751945
232161.0587020027,252413.63845375134
232705.69556551936,252512.58151934104
231800.48152686266,252024.06575689698
232816.03148183526,251174.8252757922
231891.13779128695,251833.72909661403
231842.2383516884,252466.03478156237
233216.16775417863,251110.47978543647
232502.45570880172,252084.46152406844
233204.82947758122,251668.94064578856
232949.69327996168,251743.83539680086
232066.20677575376,252058.06337417892
232219.89786425713,252170.6554831774
232012.26255229468,251458.8553695845
232004.5205572612,251958.22037166118
231804.37749855692,251892.82495488942
231621.76631247686,252263.59896924673
233025.06534773926,251911.3736549065
233114.67269670745,252520.18098673347
232976.6154433362,251895.8247446496
233063.4256844213,251807.98090117256
233032.3078592222,251587.5963467919
232557.64864113717,251433.25716363103
232065.25775700773,251451.35589518407
233207.9262755946,252113.4594917501
231621.6164674117,251676.490116685
232267.74838839957,251475.35421326544
233043.69608417468,251324.7647673048
233026.66369510102,251250.56996723654
232567.58836379307,251868.32667184802
232764.43483106373,252571.72737411244
232772.47651622753,251573.09736295106
232660.4423558398,251710.13775849494
231768.76432140288,251408.4589016136
231976.54947843053,251872.67636700027
232318.29612371494,251470.6045461452
233112.92450428053,252564.92785065604
232927.9657455129,252386.04038795776
232935.4579987711,251895.02480071355
231694.8407559219,251735.08601000038
232007.31766514425,251178.5250164964
233078.11050080738,251385.61050294028
231933.49399637338,252289.74713665622
232733.41690257474,251182.67472566463
233146.83943736268,252288.79720323218
233010.230686288,251440.55665204744
232716.83404869656,252323.29478547417
232707.84334478673,252301.0963412489
232363.49938503947,251465.20492457686
232521.18634194724,251315.26543306425
232510.3974972554,251982.26868623856
231698.88657268134,252507.73185922875
232783.2154125643,251161.2262288794
232392.96891452174,252531.2302123501
233177.00824381574,251700.5884277584
232989.8517574257,251364.31199564307
232145.77450535595,252387.94025480587
232691.01074913327,251104.38021292412
232471.83736715317,252413.93843272736
231626.86104469243,251809.1308205806
232116.9043561343,252160.55619098482
231639.59787523138,251977.5190191183
232132.0387077159,251335.3140279614
232385.82629974894,251517.15128392386
232537.66929911528,251870.77650015216
233082.10636921175,251331.21431528917
231640.54689397741,252233.351089165
232517.88975051363,251947.02115655656
233193.29140756358,251579.1969354634
232166.25333092836,251729.18642347204
232340.8727801997,251795.43178067583
232677.5246932685,251660.8912099321
233211.922143999,251724.9367213118
231822.00926789123,252366.39176502865
233152.18391135352,251576.04715621524
231803.8280666513,251447.0062000318
232419.4914910558,251371.51149106747
232746.10378475866,252541.12951855868
232664.13853411385,251047.58419346486
232369.14354916065,252414.88836615143
231803.02889297044,251042.7345333526
232379.5827553671,251989.768160639
231876.60281996604,251238.87078717185
233098.58932637982,251353.56274900245
232863.18272900692,252471.18442065065
232170.04940591252,251540.7496300372
232126.14480181944,252512.33153686102
232017.4072328653,251655.19160938778
232690.51126558273,252378.99088202135
231983.5422481382,251038.58482418436
231881.5976554715,252513.6814422531
232658.74411176794,252244.10033580562
231840.59005597158,251823.27982894942
232067.00594943465,251551.0489082138
232988.30335841898,251016.9863379111
232714.7362177843,252551.27880724726
233066.42258572456,251718.53716982342
232077.7448457714,251670.24055468463
231836.29449743687,251714.6374431352
231939.83743746532,252285.59742748798
233130.50632525978,251495.6027941466
233143.79258770435,251351.1629171943
232069.75310896264,251341.16361799373
232437.5727955856,252452.38573815356
232318.7956072655,251371.9114630355
233100.4873638719,252220.90196166027
232828.26882882367,251362.96209025098
232241.62539870595,251635.49298996266
232992.79871037393,251554.19868746196
231788.99340520005,252377.7909661173
231837.9427931537,251786.3824148993
232075.79685992427,252240.1506126214
233068.37057157172,251166.17588198368
233228.0055143266,252561.12811695982
231821.50978434068,251382.2107412121
231671.7646158866,251682.13972073334
232388.12392408145,251413.5085477099
232326.33780887874,251010.18681445473
232964.02845786238,251888.57525272918
232285.92958963948,251028.73551447177
232878.11728716828,252485.7833974835
232108.36318741995,251022.0359840074
232033.44065483788,252154.45661847247
233066.9220692751,251438.2568132313
232115.00631864223,252167.0557354652
232557.79848620234,251161.07623939138
232438.2720725564,251301.46640016747
232366.84592482814,252505.73199938863
233083.1552846679,251160.07630947133
232016.10857563387,251663.9909926843
232402.90863717764,251034.78509048815
232938.7545902047,251476.55412916953
233034.90517368505,252261.19913743858
232927.21652018707,251707.28795822276
231696.2892582185,251795.83175264386
232947.89513917972,251402.60931158127
232516.54114492715,251982.11869675055
232716.33456514604,252226.8015481886
232658.84400847804,252064.01295720326
232718.4323960583,251159.6763375033
232045.67800182628,252540.57955710264
232044.67903472518,252014.0164612004
232837.55922286384,252206.95293927548
233005.03605736233,252237.85077380526
233165.62001886326,251082.9817126349
231834.19666652457,252566.3777490401
231803.7281699412,251202.72332056178
232775.47341753083,252448.73599394536
232665.03760450482,252111.05965994197
232819.12827984864,251214.07252515442
231624.0139884543,251943.87137730836
231936.94043287213,251259.019375061
232650.10304634346,251033.9351500561
233118.818410177,252451.2358187455
231986.38930437632,252137.00784136745
232216.4014794033,251282.31774219836
232907.83655842583,251832.979149174
232145.3749185155,251670.89050913267
232938.90443526988,251161.3762183674
232497.96035684677,251047.83417594488
231851.62864243868,251469.60461622512
232951.59131745377,252108.85981411784
232247.76904637768,251873.37631794432
232807.74005489616,252538.92967273455
231667.4690573519,252109.8097475419
231897.88081921934,251303.6162494956
231947.82917427408,251737.6858277925
232223.79383595142,251929.52238295553
232716.0348750157,251422.00795203037
232667.98455745305,251973.11932747005
231826.2049297158,251743.03545286483
232543.01377310615,252341.04354155518
232189.07972918838,251127.8785660455
233076.6619985108,251742.13551593677
232758.34113174706,251422.20793801438
232908.0863002011,251663.29104174025
232699.65181455776,251160.9262499034
231803.47842816592,252264.6488956628
232134.93571230906,252469.28455380254
232127.34356234074,252383.4905666616
232687.96389947494,252181.00475785
232189.629161094,251889.12521418522
231894.23458930035,251696.03874662213
232902.74182621026,251893.07493736944
231885.09404032535,251090.53118353133
232815.4321015746,251872.32639152824
232874.82069573467,251848.5280594309
231768.61447633774,251431.35729678292
232808.3394351568,252285.34744500797
232025.14922789877,251773.8832908986
232609.7947238143,251166.3258714717
231705.13011706318,252302.59623612897
232489.1194980021,252155.1065729205
233166.51908925423,252063.96296070726
232892.2027232937,252487.23329586757
233108.37920397054,252068.66263133154
232612.59183169738,251230.67136182738
231718.1166893774,251270.8185481177
232060.3128698573,251335.81399292144
233178.95622966287,251533.7001241008
232825.9212561361,251058.4834295935
232470.03922637118,251010.68677941474
232315.09942899144,251435.10703398313
231865.7140785641,252252.4497506381
232448.36164027744,252360.9421469643
232828.51857059894,251657.2914622199
232614.04033399397,251373.06138244356
231800.0819400222,252355.192549924
231954.17261536603,251941.82152097224
232439.42088472264,251167.57578387175
232775.7231593061,251898.07458696974
232561.4946644764,251320.46506864854
232305.90893166137,251399.6595183171
232883.8113996445,251035.08506946414
232562.29383815726,252116.45928151027
232799.94811150763,251924.32274737125
232970.27200224422,251824.67973083752
232718.28255099317,251966.26980751764
232985.00676698537,251976.51908919823
233176.85839875057,251683.3896331334
233005.7353343331,251532.40021520472
232327.33677597984,251931.47224629964
232650.90222002435,251188.52431569697
231982.09374584162,251471.85445854525
232636.61699047868,251434.6570655191
233163.0227044004,251816.98027045306
231627.6602183733,251419.70811321423
232854.34187016223,251263.9690281653
233055.53384432264,251275.06825027795
232233.63366189718,252159.90623653677
231792.3898933438,251746.285225105
232695.90568792864,251574.64725432714
231776.3564713712,251844.9783082147
232799.84821479753,252576.3770482407
232470.788451697,251075.33224874648
233015.57516027888,251828.17948555772
232611.8925547266,252212.6025433238
232068.45445173123,252469.33455029855
232395.51628062956,251522.30092301214
231921.7561329355,251400.55945524515
232147.72249120308,251724.58674583977
231765.5676266794,251613.24454924135
232430.23038739257,251991.66802748712
231974.55154422834,252294.2968177925
232263.05324302442,252093.31090386095
232651.80129041531,251856.87747426337
231884.44471170963,251008.88690555864
232906.93748803486,251166.77583993573
233051.288234143,251827.8295100857
231768.16494114223,251499.70250681884
233222.01171172003,251880.2758343927
232885.65948878153,251568.7976642948
232877.26816513235,252528.48040506995
232295.1700353246,252400.88934727063
232071.70109480977,252066.16280653139
233120.71644766905,252255.74951937428
232549.85669774865,252017.6662054086
232702.04933560037,251308.41591311185
232955.7370309233,252014.86640163243
233153.93210378045,251250.71995672453
232184.83411900874,251016.68635893508
232362.99990148892,252468.2346273865
233111.87558882436,251388.16032423644
232393.71813984757,251180.17490086448
232862.333606971,251675.54018326095
232191.67704365123,251688.3392862377
